"Timestamp","Your mix of research, teaching and community service.","The intellectual stimulation of your work.","Type of teaching / research you currently do.","Your interaction with students.","Cooperation you receive from colleagues.","The mentoring available to you.","Administrative support from the department.","Providing clarity about the faculty promotion process.","Your prospects for advancement and progress through ranks.","Salary and compensation package.	","Job security and stability at the department.","Amount of time you have for yourself and family.","The overall climate at the department.","Whether the department is utilizing your experience and knowledge ","What are the best programs / factors currently available in your department that enhance your motivation and job satisfaction:","Suggest programs / factors that could improve your motivation and job satisfaction?","Academic rank:","Years of Service","Name","Date","Department"
"2013/03/20 10:23:33 AM GMT+5","Satisfied","","","","","","","","","","","","","","","","","","","",""
"2013/03/20 10:30:19 AM GMT+5","Uncertain","","","","","","","","","","","","","","","","","","","",""
"2013/03/20 10:30:25 AM GMT+5","Uncertain","","","","","","","","","","","","","","","","","","","",""
"2013/03/20 10:32:29 AM GMT+5","Very Satisfied","","","","","","","","","","","","","","","","","","","",""
"2013/03/20 11:43:11 AM GMT+5","Very Satisfied","Satisfied","Uncertain","Uncertain","Very Satisfied","Dissatisfied","Satisfied","Very Satisfied","Dissatisfied","Uncertain","Satisfied","Dissatisfied","Satisfied","Satisfied","","","Associate Professor","11-15","testing","","test department"
"2013/03/21 1:38:28 PM GMT+5","Satisfied","Satisfied","Satisfied","Very Satisfied","Satisfied","Satisfied","Satisfied","Satisfied","Uncertain","Uncertain","Satisfied","Satisfied","Satisfied","Very Satisfied","nothing except cooperation","if research grant is provided, it will definitely improve","Assistant Professor","11-15","dr zulfiqar ali laghari","21-03-2013","physiology"
"2013/03/21 1:52:28 PM GMT+5","Satisfied","Very Satisfied","Satisfied","Satisfied","Dissatisfied","Satisfied","Uncertain","Dissatisfied","Uncertain","Satisfied","Satisfied","Satisfied","Dissatisfied","Dissatisfied","M. Phil and Ph. D program and advance instruments like XRF, XRD and SEM ","A full day like Fiday may be reserved for Research, All instruments truble free should made available. If an instrument goes off it take years to be repear. 
Those engaged in Research may be encouraged instead of discourage. Best thesis award for BS IV thesis may be awarded to the teacher supervising thesis    ","Associate Professor",">20","Dr. Imdadullah Siddiqui","21.3.2013","Center for Pure & Applied Geology, University of Sindh"
"2013/03/21 2:12:51 PM GMT+5","Satisfied","Satisfied","Satisfied","Very Satisfied","Very Dissatisfied","Satisfied","Dissatisfied","Satisfied","Satisfied","Satisfied","Very Dissatisfied","Satisfied","Dissatisfied","Dissatisfied","","","Lecturer","6-10","MAK","","Physics"
"2013/03/21 2:17:41 PM GMT+5","Satisfied","Satisfied","Satisfied","Satisfied","Satisfied","Dissatisfied","Satisfied","Uncertain","Dissatisfied","Satisfied","Satisfied","Dissatisfied","Satisfied","Satisfied","Opportunities to participate in various professional workshops and research work related to the field of teacher education.","> Since I've done my M.Phil and therefore promotion i>s expected that would surely improve my motivation and job satisfaction.
>Appreciation from heads, dean, vice chancellor either in written or verbal form.
>Opportunities for future professional development.
>Financial support in my efforts of doing PhD.
 ","Lecturer","1-5","Nida Mirza","21-03-2013","PTGR, Education"
"2013/03/21 2:27:35 PM GMT+5","Satisfied","Satisfied","Satisfied","Very Satisfied","Satisfied","Satisfied","Very Satisfied","Very Satisfied","Satisfied","Very Satisfied","Very Satisfied","Very Satisfied","Very Satisfied","Very Satisfied","M.phil/Ph.D, B.ed(H)/ADE,M.Ed.,B.Ed,Infrrastrucure is being developed at international level with the funding of USAID,various professional development trainings by teacher education project  USAID","","Lecturer","6-10","zubair ahmed","21-03-2012","curriculum development and special education"
"2013/03/21 2:28:39 PM GMT+5","Satisfied","Satisfied","Satisfied","Satisfied","Satisfied","Uncertain","Satisfied","Satisfied","Satisfied","Satisfied","Satisfied","Satisfied","Satisfied","Satisfied","","","Associate Professor",">20","M.R.Dhanani","21 March 2013","Geography"
"2013/03/21 2:29:53 PM GMT+5","Satisfied","Satisfied","Satisfied","Satisfied","Satisfied","Satisfied","Satisfied","Satisfied","Very Satisfied","Satisfied","Satisfied","Uncertain","Satisfied","Very Satisfied","I am pursuing my PhD abroad, which has brought different way of learning and it will be more effective during teaching when I will back to homeland.","Free of leg pulling system,  and sense of  appreciation is very impoortant from other colleagues which encourages one to workhard and find effective paramounts in the society.","Lecturer","6-10","Zafar Hussain Ibupoto","21-03-2013","physical chemistry institute of chemistry"
"2013/03/21 2:30:28 PM GMT+5","Very Satisfied","Satisfied","Very Satisfied","Very Satisfied","Very Satisfied","Satisfied","Very Satisfied","Uncertain","Uncertain","Uncertain","Uncertain","Satisfied","Satisfied","Satisfied","","","Teaching Assitent ","6-10","Abdul sattar sabayo","","Statistics"
"2013/03/21 6:27:56 PM GMT+5","Very Satisfied","Very Satisfied","Satisfied","Very Satisfied","Satisfied","Satisfied","Very Satisfied","Very Satisfied","Satisfied","Satisfied","Satisfied","Satisfied","Satisfied","Satisfied","Teaching & Research
","Short term trainings should be given to teachers pertaining to instrumentations.

Monthly open lectures may be arranged for all departments

Examinations may be conducted in uniform format of papers eg Midterm (objective type-30 marks), Final test (a)- Objective 50% (25 marks (b)- subjective 50% (25 marks. . . . .  This will help making earliest assessment and justified marks.

Provision of laboratory requirements may be fulfilled at the earliest move.

Study trips may be frequent according to the department's need


","Associate Professor",">20","Dr. Agha Asad Noor","21-03-2013","Microbiology"
"2013/03/22 12:12:40 AM GMT+5","Satisfied","Satisfied","Satisfied","Satisfied","Satisfied","Dissatisfied","Uncertain","Dissatisfied","Uncertain","Very Dissatisfied","Dissatisfied","Satisfied","Very Dissatisfied","Satisfied","regular classes","multimedia facility/politics free environment/favoritism free environment/all teachers must take class not only few/chair must observe those who are not taking classes rather than those who are regular/etc","Professor","16-20","Dr Zareen Abbasi","21'03.2013","Public Administration"
"2013/03/22 7:01:36 AM GMT+5","Satisfied","Satisfied","Satisfied","Satisfied","Satisfied","Satisfied","Satisfied","Satisfied","Satisfied","Satisfied","Very Satisfied","Uncertain","Uncertain","Uncertain","","","Assistant Professor","11-15","Abdul hakeem","22-03-13","pharmacognosy"
"2013/03/22 9:19:19 AM GMT+5","Uncertain","Uncertain","Satisfied","Uncertain","Uncertain","Dissatisfied","Satisfied","Uncertain","Uncertain","Satisfied","Uncertain","Satisfied","Uncertain","Uncertain","None","need for more research oriented projects.","Assistant Professor","6-10","Muhammad Qasim Nizamani","22/3/2012","Mass Communication"
"2013/03/22 10:30:53 AM GMT+5","Satisfied","Satisfied","Satisfied","Very Satisfied","Satisfied","Satisfied","Satisfied","Satisfied","Uncertain","Satisfied","Satisfied","Satisfied","Satisfied","Very Satisfied","Our institute offering M.Phil/Ph.D. Currently i am supervising students in chemistry research, and students are facilitating by this and going forward in their research work and the students satisfaction is my motivation and satisfaction  ","There should be combine team of various Ins/Depts. supervisor /researchers. who can collaborate with each other which can improve not only mine motivation and satisfaction but others too. ","Lecturer","1-5","Dr. waqas Jamil","","Institute of Advance Research Studies in Chemical Sciences"
"2013/03/22 3:15:46 PM GMT+5","Satisfied","Satisfied","Satisfied","Very Satisfied","Satisfied","Satisfied","Satisfied","Uncertain","Satisfied","Satisfied","Satisfied","Dissatisfied","Satisfied","Satisfied","B.Ed (Elementary)","","Lecturer","6-10","Saira Soomro","22-03-13","Faculty of Education"
"2013/03/22 8:49:19 PM GMT+5","Satisfied","Uncertain","Satisfied","Very Satisfied","Satisfied","Satisfied","Satisfied","Uncertain","Satisfied","Dissatisfied","Satisfied","Very Satisfied","Satisfied","Uncertain","i am looking forward for such programs in future.","","Lecturer","6-10","Hyder Ali Memon","25-07-2007","Criminology"
"2013/03/23 12:46:52 PM GMT+5","Dissatisfied","Dissatisfied","Uncertain","Satisfied","Satisfied","Uncertain","Dissatisfied","Very Dissatisfied","Dissatisfied","Satisfied","Satisfied","Satisfied","Dissatisfied","Dissatisfied","Nil, An unqualified & inefficient in-charge is running the department. that person is allowed to do legal or illegal. just criteria prevails personal liking.","Only merit ","Associate Professor",">20","Dr. Hidayatullah mahesar","23-3-2013","physiology"
"2013/03/25 10:52:25 AM GMT+5","Satisfied","Satisfied","Satisfied","Satisfied","Satisfied","Satisfied","Satisfied","Satisfied","Satisfied","Satisfied","Satisfied","Satisfied","Satisfied","Satisfied","Class room environment updated with multimedia facility and computer and internet facility available in the teachers offier to provide more facilty of better teaching and research","","Lecturer","1-5","Arif Ali Bhatti","25-03-2013","Library and Information Science and Archive Studies "
"2013/03/26 11:29:10 AM GMT+5","Satisfied","Satisfied","Very Satisfied","Very Satisfied","Very Satisfied","Satisfied","Very Satisfied","Very Satisfied","Very Satisfied","Satisfied","Very Satisfied","Dissatisfied","Very Satisfied","Very Satisfied","MPhil Phd programs
Professional developments programs
Research activities
","","Associate Professor","16-20","Dr Saleha Parveen","26-3-13","curriculum development and special education"
"2013/03/29 10:24:36 AM GMT+5","Satisfied","Satisfied","Satisfied","Satisfied","Satisfied","Dissatisfied","Uncertain","Very Dissatisfied","Dissatisfied","Satisfied","Satisfied","Uncertain","Uncertain","Satisfied","as such not.","Institute must be fully equippd with computer labs and class rooms with white board and other related facilities may improve the quality of education. seperate offices having acces to computer & internet may increase the motavation to work environment. for job satisfaction promotion may be timenly, done to justice with faculty.","Lecturer","6-10","ameer ali","29/03/2013","women studies"
"2013/03/29 11:41:16 AM GMT+5","Satisfied","Satisfied","Very Satisfied","Very Satisfied","Very Satisfied","Satisfied","Satisfied","Satisfied","Satisfied","Very Satisfied","Satisfied","Very Satisfied","Very Satisfied","Satisfied","","pleae improve the environment of university. need transprency in all fields.","Assistant Professor","6-10","ambreen zeb khaskhelly","29-3-2013","economics"
"2013/03/29 11:41:26 AM GMT+5","Satisfied","Satisfied","Very Satisfied","Very Satisfied","Very Satisfied","Satisfied","Satisfied","Satisfied","Satisfied","Very Satisfied","Satisfied","Very Satisfied","Very Satisfied","Satisfied","","pleae improve the environment of university. need transprency in all fields.","Assistant Professor","6-10","ambreen zeb khaskhelly","29-3-2013","economics"
"2013/04/04 12:05:11 PM GMT+5","Satisfied","Satisfied","Satisfied","Satisfied","Satisfied","Satisfied","Satisfied","Dissatisfied","Uncertain","Very Satisfied","Very Satisfied","Uncertain","Satisfied","Satisfied","-M.PHIL Program
-B.ed Internship Program
-Research Thesis at M.ed level","-Teachers' promotion criteria should be based on teaching efficacy rather than only published research article because ongoing observations reveals that teachers are focusing on it.","Assistant Professor","11-15","DR. ABIDA SIDDIQUI","April- 04 2013","EMS, Faculty of Education"
"2013/04/27 7:14:37 PM GMT+5","Uncertain","Satisfied","Satisfied","Very Satisfied","Uncertain","Uncertain","Satisfied","Satisfied","Uncertain","Satisfied","Satisfied","Uncertain","Dissatisfied","Satisfied","I am a visiting faculty now at IELL. i feel that few more facilities should be provided to teachers. such as multi media etc!!","","Lecturer","1-5","Ghulam Zainab Makhdoom Lodhi","27.04.2013","English"
"2013/07/02 12:36:49 PM GMT+5","Very Satisfied","Satisfied","Satisfied","Very Satisfied","Satisfied","Satisfied","Satisfied","Satisfied","Satisfied","Satisfied","Satisfied","Satisfied","Satisfied","Very Satisfied","currently My student actively participating in research and their work is going forward. This is due to atmosphere which we have provided our students. the achievements of my students is my satisfaction. ","1- Again informing that its a research institute so funding should be enhanced which will be beneficial for university in term of research. 
2- There is lack of collaboration between the institute which can improve our research quality so if other dept/Ins. actively part play in some research work in collaboration it  will; be good. ","Lecturer","1-5","Dr. Waqas Jamil","2-7-13","IARSCS"
"2013/07/02 12:45:25 PM GMT+5","Satisfied","Satisfied","Very Satisfied","Very Satisfied","Uncertain","Satisfied","Very Satisfied","Very Satisfied","Satisfied","Very Satisfied","Very Satisfied","Uncertain","Satisfied","Uncertain","department is not using my publishing experience. as I believe I have large experience in this field.","","Assistant Professor",">20","mirza saleem baig","3-7-2013","urdu"
"2013/07/02 1:44:07 PM GMT+5","Very Satisfied","Very Satisfied","Very Satisfied","Very Satisfied","Very Satisfied","Satisfied","Very Satisfied","Uncertain","Satisfied","Satisfied","Very Satisfied","Satisfied","Satisfied","Satisfied","","","Assistant Professor",">20","Shahabuddin Mughal","12-3-1989","SDSC"
"2013/07/02 5:41:42 PM GMT+5","Satisfied","","Satisfied","Very Satisfied","Very Satisfied","Uncertain","Very Satisfied","Satisfied","Satisfied","Satisfied","Satisfied","Satisfied","Satisfied","Satisfied","Nil","Nil","Assistant Professor",">20","Mrs.Najma.Sayeed","2 July 2013","Comparative religion and Islamic Culture"
"2013/07/02 11:49:25 PM GMT+5","Satisfied","Very Satisfied","Very Satisfied","Satisfied","Very Dissatisfied","Satisfied","Very Dissatisfied","Very Dissatisfied","Dissatisfied","Very Satisfied","Very Satisfied","Dissatisfied","Very Dissatisfied","Dissatisfied","MS programs and some of the personal research programs that some teachers have from private sector","","Associate Professor",">20","Dr. Imdadullah Siddiqui","02-7-2013","Center for Pure and Applied Geology"
"2013/07/03 1:59:32 AM GMT+5","Very Satisfied","Satisfied","Satisfied","Very Satisfied","Uncertain","Satisfied","Very Satisfied","Satisfied","Dissatisfied","Satisfied","Very Satisfied","Satisfied","Satisfied","Very Satisfied","Our every program BBA, MBA, and Mphil is challenging. I enjoy more to take classes and research project with MBA (morning & evening)","Please Please Please reduce the strength of students and select only on merit. we have 2554 students in different program, the students who are selected on self finance and Parchi they create big problem. Many of them even dont know to write their names, i am surprising how they select for MBA or BBA program where there is high competition.

Political interference further damage the who academic environment. it needs to control strictly

Infrastructure of our University is very poor as compare to Mehran and LUMHS","Assistant Professor","11-15","Vishnu Parmar","01/07/2013","IBA"
"2013/08/28 10:20:00 PM GMT+5","Satisfied","Very Satisfied","Satisfied","Very Satisfied","Satisfied","Very Satisfied","Very Satisfied","Very Satisfied","Satisfied","Very Satisfied","Very Satisfied","Satisfied","Satisfied","Uncertain","","","Associate Professor",">20","Mirza Saleem Baig","28-08-2013","Urdu"
"2015/12/29 4:11:21 PM GMT+5","Dissatisfied","Satisfied","Satisfied","Very Satisfied","Very Satisfied","Satisfied","Satisfied","Satisfied","Satisfied","Very Satisfied","Very Satisfied","Dissatisfied","Satisfied","Dissatisfied","1. Organization of various carrier building workshops and seminars at campus.
2. Less political environment
3. Nice pro VC. posing no pressures to the faculty members","No transport availability for the teachers coming really far from the campus.
Getting really less time for proceeding research work.","Lecturer","1-5","Mehjabeen Leghari","29/12/2015","IT, SUC Mirpurkhas"
"2015/12/29 4:39:34 PM GMT+5","Satisfied","Satisfied","Satisfied","Satisfied","Satisfied","Satisfied","Satisfied","Uncertain","Satisfied","Satisfied","Satisfied","Uncertain","Satisfied","Satisfied","Currently I am on study leave , so not asses it.","","Assistant Professor","16-20","Imran Anwar Ujan","29/12/2015","IICT"
"2015/12/29 6:39:09 PM GMT+5","Satisfied","Satisfied","Uncertain","Satisfied","Dissatisfied","Dissatisfied","Satisfied","Uncertain","Uncertain","Satisfied","Very Satisfied","Satisfied","Satisfied","Satisfied","Not satisfy with my dept performance in terms motivation ","Conduct training and research programs","Assistant Professor","6-10","Arif ali bhatti","29-12-2015","Library and information science and archives studies"
"2015/12/29 8:05:34 PM GMT+5","Dissatisfied","Satisfied","Satisfied","Satisfied","Very Satisfied","Satisfied","Satisfied","Dissatisfied","Dissatisfied","Dissatisfied","Satisfied","Satisfied","Satisfied","Very Satisfied","Good research work and research oriented teaching is the source of motivation and satisfaction to me.","Provide due protocol to the faculty which they deserve as per rank they posses, I am totally disappointed regrading our given status and protocol in university, besides this improve  the students attendance program and check and balance regarding course work covered. ","Lecturer","1-5","Nasrullah mahar","29-12-2015","Chemistry"
"2015/12/30 7:44:30 AM GMT+5","Uncertain","Uncertain","Uncertain","Very Satisfied","Satisfied","Dissatisfied","Dissatisfied","Very Dissatisfied","Dissatisfied","Uncertain","Satisfied","Satisfied","Dissatisfied","Dissatisfied","Nothing","Research & Development Capacity Building","Lecturer","6-10","Rashid Ali Khuhro","30.12.2015","CRDC"
"2015/12/30 11:49:28 AM GMT+5","Satisfied","Very Satisfied","Very Satisfied","Very Satisfied","Satisfied","Very Satisfied","Very Satisfied","Satisfied","Satisfied","Satisfied","Satisfied","Uncertain","Satisfied","Satisfied","","","Lecturer","1-5","Mudassar Iqbal","30-12-2015","Pharmaceutics"
"2015/12/30 12:31:43 PM GMT+5","Uncertain","Satisfied","Satisfied","Very Satisfied","Dissatisfied","Dissatisfied","Dissatisfied","Dissatisfied","Dissatisfied","Very Dissatisfied","Satisfied","Uncertain","Uncertain","Satisfied","I work as an Ex-officio, most of the time we are dependent on the bureau of STAGS schedule, besides we in department. organize multiple lectures and seminars and invite guest speakers, encourage mostly 3rd and final year students to participate in M.Phil/Ph.D seminars to learn.","Involve faculty members in multiple training programs, stop allowing same faculty members being nominated by HOD's for any training or event, always take feed backs on any occasion whether a seminar, training, workshop or a conference is held. 
Please train faculty members with basic computer skills and command on office Automation.
Encourage faculty members to write research papers and provide some stipend for writing papers as to encourage them.","Lecturer","1-5","Ahmed Hussain Shah Bukhari","30-12-2015","Political Science"
"2015/12/30 7:38:29 PM GMT+5","Satisfied","Satisfied","Satisfied","Very Satisfied","Very Satisfied","Satisfied","Satisfied","Uncertain","Satisfied","Uncertain","Satisfied","Satisfied","Satisfied","Satisfied","","","Assistant Professor","6-10","Dr.Asghar Ali Alias Daahar Hakro","30-12-2015","Geology"
"2015/12/31 12:40:26 AM GMT+5","Uncertain","","Dissatisfied","Satisfied","Dissatisfied","Uncertain","Very Dissatisfied","Very Dissatisfied","Dissatisfied","Satisfied","Satisfied","Satisfied","Dissatisfied","Dissatisfied","","","Associate Professor","11-15","abc","31-12-2015","Media  and Communication"
"2015/12/31 7:13:35 PM GMT+5","Very Satisfied","Very Satisfied","Very Satisfied","Very Satisfied","Very Satisfied","Very Satisfied","Very Satisfied","Satisfied","Satisfied","Satisfied","Very Satisfied","Uncertain","Very Satisfied","Very Satisfied","1. Research Environment
2. Imparting theoretical knowledge into practices through practicals
3. Linkages with academia and industry
4. Management of Institute
","1. Every thing should be clear and understandable
2. All work should be justified
3. Easy access to VC or heads
4. knowledge management","Lecturer","1-5","samiuddin","","IBA"
"2016/01/01 11:42:08 PM GMT+5","Very Satisfied","Very Satisfied","Very Satisfied","Very Satisfied","Satisfied","Satisfied","Satisfied","Uncertain","Uncertain","Satisfied","Satisfied","Dissatisfied","Satisfied","Satisfied","Proper mentoring, shared responsibility, being part of decision making process and promotion of studies/ research","Promotion, end of red tapism and systematic dispose of the routine affairs without personal pursuance for accomplishment","Lecturer","6-10","Muhammad Tufail Chandio","01-01-2016","English"
"2016/01/02 1:08:05 PM GMT+5","Satisfied","Uncertain","Satisfied","Satisfied","Satisfied","Uncertain","Satisfied","Satisfied","Uncertain","Dissatisfied","Satisfied","Satisfied","Uncertain","Satisfied","The prime motivation we have in the campus, is about the confirm and regular service. 
::::hostel accommodation besides campus.
::::Community service for Rural Sindh & Mass Development
::::Future expectation of campus growth.
","It would be much encouraging if quality education is not compromised for the sake of only financial outcome of university. So the areas where campuses are situated, where Business & Commerce programs are offered, the commerce program must be wrapped up from affiliated degree colleges to disregard copy culture & low profile academic practices and standards.
In any campus if such a program is not yet offered, must be given approval for same program to offer on regular basis.
Such efforts will leave us with numerous potential students that will create work satisfaction and social empowerment.
:::: Apart from that Campus hierarchical definition would significantly motivate more in terms of vision & mission.
:::: Faculty development programs for campuses would also be an encouraging factor for campus & self development
::::  Transfer & promotion policy would be emancipating faculty from conservation, depression & seize of ones right
:::: Financial incentives for retaining skilled & experienced faculty in hard & low economic zones would help in creating new milestones set new standards as well.","Assistant Professor","11-15","Abdul Qadir Patoli","02-01-2016","Laar Campus Badin"
"2016/01/02 5:10:25 PM GMT+5","","","","","","","","","","","","","","","","","for Testing purpose","","Testing purpose","","Testing purpose"
"2016/01/03 2:33:51 PM GMT+5","Satisfied","Uncertain","Satisfied","Very Satisfied","Dissatisfied","Uncertain","Dissatisfied","Uncertain","Satisfied","Satisfied","Satisfied","Uncertain","Dissatisfied","Uncertain","My Teaching  and my M.Phil research is only my motivation currently available.","-  Study tours
-  Other campuses Teachers training programs 
-  Access to digital library to Teachers of others campuses
-  Research oriented workshops and seminars
- Appointment of In-charges/ HoDs in other campuses on merit.
- Mystery shopping by central QEC to campuses and departments to ensure transparency, quality and smoothness.
-    Semi-annual/ annual students and teachers surveys.
","Lecturer","1-5","Sarfraz Ali Malak","03/01/2016","Business Administration Dadu Campus"
"2016/01/03 5:19:52 PM GMT+5","Satisfied","Satisfied","Satisfied","Satisfied","Uncertain","Uncertain","Uncertain","Dissatisfied","Uncertain","Uncertain","Satisfied","Uncertain","Satisfied","Uncertain","","","Lecturer","1-5","Waheed Akbar ","","Social Work "
"2016/01/06 11:06:27 AM GMT+5","Satisfied","Very Satisfied","Uncertain","Very Satisfied","Uncertain","Satisfied","Uncertain","Very Dissatisfied","Uncertain","Dissatisfied","Satisfied","Dissatisfied","Uncertain","Uncertain","B.S Four year
M.Sc Two Year
M. Phil
PhD 
","B.S Four year (Actuarial Sciences)
M.Sc Two year  (Actuarial Sciences)","Professor",">20","Prof. Dr. Mir Ghulam Hyder Talpur","6-1-2016","Statistics"
"2016/01/06 8:04:02 PM GMT+5","Satisfied","Dissatisfied","Satisfied","Satisfied","Uncertain","Uncertain","Dissatisfied","Uncertain","Dissatisfied","Satisfied","Satisfied","Dissatisfied","Dissatisfied","Dissatisfied","Ph.D. program ","","Assistant Professor",">20","jaindo shaikh","6-1-2016","physiology"
"2016/01/09 1:09:36 AM GMT+5","Satisfied","Satisfied","Satisfied","Satisfied","Satisfied","Satisfied","Satisfied","Uncertain","Satisfied","Satisfied","Satisfied","Satisfied","Very Satisfied","Satisfied","","","Lecturer","6-10","Sehrish Basir","09-01-2016","Information Technology"
"2016/01/09 8:52:24 PM GMT+5","Very Satisfied","Satisfied","Very Satisfied","Very Satisfied","Satisfied","Satisfied","Satisfied","Satisfied","Satisfied","Satisfied","Satisfied","Satisfied","Uncertain","Very Satisfied","","there should be training programs for  every faculty member at least once in a year about teaching methods.  ","Lecturer","1-5","Farooque ALi","09-01-2016","Plant Sciences"
"2016/01/10 11:54:07 AM GMT+5","Satisfied","Very Satisfied","Satisfied","Very Satisfied","Satisfied","Satisfied","Very Satisfied","Satisfied","Satisfied","Satisfied","Very Satisfied","Satisfied","Satisfied","Satisfied","Research programs like Ph. D, and M. Phil. are running well
There are training programs for students from BBSYDP
Availability of job opportunities in Fisheries sector motivate students and hence number of students is increasing
Overall good atmosphere to dwell","Some financial support from University to research students
Availability of transport facility for field survey
High support to promote research culture
Financial support for research publication","Professor",">20","Wazir Ali Baloch","09-01-2016","Freshw Water Biology and Fisheries"
"2016/01/12 2:26:48 PM GMT+5","Uncertain","Satisfied","Satisfied","Satisfied","Satisfied","Uncertain","Satisfied","Uncertain","Satisfied","Uncertain","Satisfied","Satisfied","Satisfied","Dissatisfied","Regular courses teaching and annual competitions","merit services based awarding on semester basis
allotment of plots new faculty on time without delay
innovative steps to management
increase of remuneration in evening programs
increase examination remuneration as well","Lecturer","1-5","Muhammad Bilal Shaikh","12-01-2016","IICT"
"2016/01/13 3:07:50 PM GMT+5","Satisfied","Satisfied","Satisfied","Very Satisfied","Uncertain","Uncertain","Satisfied","Satisfied","Satisfied","Satisfied","Satisfied","Satisfied","Satisfied","Uncertain","","The teaching programs does not include research and innovation. we can not compete with other universities without creation of research potential at early BS and MSc level. The research is not qualitative and unfortunately there is no system to check the quality of research. ","Assistant Professor","6-10","Saeed Akhter","13-01-2016","Plant Sciences"
"2016/01/19 9:16:43 PM GMT+5","Satisfied","Very Satisfied","Satisfied","Very Satisfied","Very Satisfied","Satisfied","Very Satisfied","Satisfied","Very Satisfied","Uncertain","Very Satisfied","Satisfied","Very Satisfied","Dissatisfied","","","Assistant Professor","11-15","Muhammad Siddique","","Media and Communication Studies "
"2016/01/28 7:22:09 PM GMT+5","Satisfied","Satisfied","Satisfied","Very Satisfied","Very Satisfied","Very Satisfied","Very Satisfied","Satisfied","Satisfied","Satisfied","Very Satisfied","Uncertain","Very Satisfied","Satisfied","We have a very strong team work here in Pharmacy.","There must be International training on human behavior, organizational behavior, Insights, Emotional intelligence and Neuro-linguistic programming e.t.c.","Lecturer","1-5","Salman Ahmed","","Pharmaceutics"
"2016/02/08 10:40:34 AM GMT+5","Satisfied","Satisfied","Satisfied","Satisfied","Dissatisfied","Dissatisfied","Dissatisfied","Dissatisfied","Dissatisfied","Dissatisfied","Satisfied","Satisfied","Dissatisfied","Dissatisfied"," 36th International Congress of Zoology Pakistan","","Lecturer","6-10","Farheen shaikh","07-02-2016","Zoology"
"2016/02/08 11:50:34 AM GMT+5","Uncertain","Very Satisfied","Very Satisfied","Satisfied","Dissatisfied","Very Dissatisfied","Dissatisfied","Uncertain","Satisfied","Satisfied","Satisfied","Satisfied","Uncertain","Uncertain","I am currently not in the department but my current motivation is the opportunities that await for me once I return.","More options for funded research projects, and integrated community service will help.","Lecturer","1-5","Ghazal Kazim","08/02/2016","English"
"2016/02/08 1:11:11 PM GMT+5","Dissatisfied","Uncertain","Satisfied","Satisfied","Dissatisfied","Dissatisfied","Uncertain","Very Dissatisfied","Very Dissatisfied","Satisfied","Satisfied","Satisfied","Very Dissatisfied","Dissatisfied","None","Curriculum meetings
rotation of courses
availability of books and journals 
capacity building of teachers 
promoting research culture ","Lecturer","6-10","Pasand Ali","08-02-1016","Sociology "
"2016/02/08 1:44:11 PM GMT+5","Satisfied","Satisfied","Satisfied","Satisfied","Uncertain","Uncertain","Uncertain","Satisfied","Satisfied","Satisfied","Satisfied","Satisfied","Satisfied","Very Dissatisfied","Not at al.","Teaching facility, as multi media and broad class rooms.
Personal office equipped with internet, computer, printer, scanner facility.
Modern equipment, glassware, chemicals are essential to compete with fast moving science technology. Such facility is not enough in our deptt.
No funds available to conduct the research and enhance the experimental accuracy.","Associate Professor","11-15","Dr Muhammad Younis Laghari","08-02-2016","Fresh Wate Biology and Fisheries"
"2016/02/08 7:28:38 PM GMT+5","Satisfied","Very Satisfied","Satisfied","Satisfied","Very Satisfied","Satisfied","Satisfied","Dissatisfied","Satisfied","Very Satisfied","Satisfied","Satisfied","Very Satisfied","Satisfied","Advance laboratories and best online litrature ","Wish to enhance laboratories and improve net spead and facilities ","Professor",">20","Prof. Dr. Imdadullah. Siddiqui","8-2-2016","Center for Pure and Applied Geology"
"2016/02/08 10:59:09 PM GMT+5","Satisfied","Satisfied","Satisfied","Satisfied","Dissatisfied","Uncertain","Very Dissatisfied","Very Dissatisfied","Very Dissatisfied","Dissatisfied","Uncertain","Satisfied","Uncertain","Very Dissatisfied","Nothing","Equal treatment
Respect
","Professor","16-20","Prof.Dr.Zareen Abbasi","8.2.16","Public administration"
"2016/02/09 12:12:33 AM GMT+5","Very Satisfied","Very Satisfied","Satisfied","Very Satisfied","Very Satisfied","Satisfied","Very Satisfied","Very Satisfied","Satisfied","Very Satisfied","Very Satisfied","Very Satisfied","Very Satisfied","Very Satisfied","At currently We running very successful PhD and M.Phil programs.","We want institute now and currently we thought we are starting some new MS programs at our department. ","Professor","16-20","Prof.Dr. Ambreen zeb khaskhelly","8.2.2016","Economics"
"2016/02/09 1:09:39 AM GMT+5","Satisfied","Uncertain","Very Satisfied","Satisfied","Uncertain","Dissatisfied","Dissatisfied","Dissatisfied","Satisfied","Satisfied","Satisfied","Dissatisfied","Uncertain","Satisfied","B.Ed & M.Ed
Practice teaching","Acknowledgement should be thr... frm Admin, appreciation  increases motivation","Assistant Professor","11-15","Sumera Irum","","DC&CE, Faculty of EDucation"
"2016/02/09 7:39:54 AM GMT+5","Satisfied","Satisfied","Satisfied","Satisfied","Satisfied","Uncertain","Dissatisfied","Uncertain","Satisfied","Satisfied","Very Satisfied","Satisfied","Uncertain","Uncertain","I think university provide stress free academic space and workload allow me to do job with satisfaction.","I think all sectional heads or academic head must each specificity goals and objectives for every year and every year accountability should be conducted so that to determined performance of leaders so that faculty also motivated to do for higher performance. Beside some academics have been given life time chair which may erode any creativity or progress, a rotation or merit based policy should be adopted, after all  academic heads are leaders of respective institution or departments and faculty also follow leaders!","Assistant Professor","11-15","Muhammad Qasim Nizamani","9/2/2016","Media & Communication Studies"
"2016/02/09 10:24:03 AM GMT+5","Satisfied","","Satisfied","Satisfied","Dissatisfied","Dissatisfied","Dissatisfied","Dissatisfied","Satisfied","Dissatisfied","Satisfied","Uncertain","Dissatisfied","Uncertain"," on study leave,","
training's and more work shops ","Lecturer","6-10","Mehwish","8-2-2016","Economics"
"2016/02/09 10:44:03 AM GMT+5","Satisfied","Uncertain","Satisfied","Very Satisfied","Satisfied","Satisfied","Uncertain","Uncertain","Satisfied","Satisfied","Satisfied","Uncertain","Satisfied","Satisfied","Research journal, PERSONAL PC","COMPUTER COURSE","Lecturer","6-10","NAJMA GOPANG","22-11-2009","INSTITUTE OF GENDER STUDIES"
"2016/02/09 11:43:57 AM GMT+5","Satisfied","Satisfied","Very Satisfied","Uncertain","Satisfied","Satisfied","Satisfied","Dissatisfied","Uncertain","Dissatisfied","Satisfied","Satisfied","Satisfied","Satisfied","","","Lecturer","6-10","Ameer Ali ","","Gender studies "
"2016/02/09 12:28:53 PM GMT+5","Satisfied","Satisfied","Uncertain","Uncertain","Dissatisfied","Very Dissatisfied","Satisfied","Satisfied","Uncertain","Satisfied","Satisfied","Satisfied","Dissatisfied","Uncertain","The National and International Conferences
The Delegates of relevant countries (related to Far East & Southeast Asia) visits to the Department ","Workshops and Training Programs","Assistant Professor","6-10","Naureen Nazar ","02-09-16","Area Study Centre, Far East & Southeast Asia"
"2016/02/09 3:39:48 PM GMT+5","Satisfied","Satisfied","Very Satisfied","Very Satisfied","Very Satisfied","Very Satisfied","Satisfied","Satisfied","Satisfied","Satisfied","Very Satisfied","Satisfied","Very Satisfied","Very Satisfied","","","Lecturer","1-5","Mudassar Iqbal","09-02-2016","Pharmaceutics"
"2016/02/10 9:35:09 AM GMT+5","Very Satisfied","Satisfied","Very Satisfied","Very Satisfied","Very Satisfied","Satisfied","Satisfied","Very Satisfied","Satisfied","Very Satisfied","Very Satisfied","Very Satisfied","Very Satisfied","Very Satisfied","To conduct the different seminars on different topics and conduct the sports and healthy activities among the department.
To participate at National or International Levels currently our students participated at South Asian Games, Govaty, India and our department's students secure Gold Medal in Boxing at National Championship-2016 ","1. To develop fitness lab. for faculty members and students.
2. To develop fitness gym at Sindh University Ground
3. To develop jogging track for community at Sindh University Ground
4. To develop computer lab. at department level
5. To develop medical lab. for conducting the different medical fitness tests
6. To develop multi media conference room for conducting the conference and seminars","Associate Professor",">20","Dr. Muhammad Akram Ansari","10-02-2016","Centre for Physical Education, Health & Sports Science, University of Sindh, Jamshoro, Pakistan"
"2016/02/10 6:29:41 PM GMT+5","Satisfied","","Satisfied","Very Satisfied","Satisfied","Uncertain","Satisfied","Uncertain","Uncertain","Satisfied","Satisfied","Satisfied","Satisfied","Satisfied","","The institute is short of basic equipment.","Assistant Professor","11-15","Najeeb Rashdi","10.02.2016","Institute of Art & Design"
"2016/02/10 10:16:19 PM GMT+5","Satisfied","Very Satisfied","Very Satisfied","Satisfied","Satisfied","Very Satisfied","Satisfied","Satisfied","Satisfied","Satisfied","Satisfied","Satisfied","Satisfied","Satisfied","Undergraduate and PG programs. Healthy working environment, positive relations with colleagues. Involvement in research activities and different co curricular activities.  ","Different types of research oriented programs/workshops/seminars/conferences may be organized at national/international level. ","Professor",">20","Prof. Dr. Nagina Parveen","Feb. 10, 2016","Psychology"
"2016/02/10 10:58:21 PM GMT+5","Satisfied","Very Satisfied","Satisfied","Satisfied","Satisfied","Very Satisfied","Satisfied","Satisfied","Satisfied","Satisfied","Satisfied","Satisfied","Satisfied","Satisfied","Students/peers attitudes.
Active research programs.
Increasing interest of students in PG studies.","Availability of research funds to each department. ","Professor",">20","Prof. Dr. Ali Muhammad Soomro","Feb. 10, 2016","Physiology"
"2016/02/10 11:24:10 PM GMT+5","Uncertain","Dissatisfied","Satisfied","Very Satisfied","Dissatisfied","Dissatisfied","Dissatisfied","Uncertain","Uncertain","Dissatisfied","Uncertain","Uncertain","Satisfied","Dissatisfied","","","Lecturer","1-5","Mubarak Ali Lashari","10/02/2016","IELL"
"2016/02/14 6:35:29 PM GMT+5","Satisfied","Satisfied","Satisfied","Very Satisfied","Satisfied","","Very Satisfied","","Satisfied","Satisfied","Very Satisfied","Uncertain","Satisfied","Very Satisfied","cooperation of my Director and other colleagues
","Arrange some different trainings so the faculty members can take benefits and increase their knowlegde","Lecturer","6-10","Sadaf Saeed","13-2-2016","Institute of Gender Studies"
"2016/02/15 1:51:20 PM GMT+5","Very Satisfied","Very Satisfied","Very Satisfied","Satisfied","Satisfied","Uncertain","Satisfied","Very Dissatisfied","Very Satisfied","Dissatisfied","Satisfied","Satisfied","Very Dissatisfied","Dissatisfied","
There is no any program or factor available in department that enhance job satisfaction.

Mind it motivation is a tool  used to enhance job satisfaction","Proper and suitable office as to the Professor 
Provision suitable house or house ceiling facility as provided to the federal government  
Projector to deliver lecture
Peon for the office work","Professor","16-20","Professor Dr.Sirajul Haq","15/12/2016","Public Administration"
"2016/02/18 1:32:26 AM GMT+5","Very Satisfied","Very Satisfied","Satisfied","Very Satisfied","Satisfied","Satisfied","Very Satisfied","Very Satisfied","Satisfied","Satisfied","Very Satisfied","Dissatisfied","Satisfied","Satisfied","","trainings","Assistant Professor","11-15","farah naz memon","","biochemistry"
"2016/03/03 10:57:35 AM GMT+5","Satisfied","Satisfied","Satisfied","Very Satisfied","Very Satisfied","Satisfied","Uncertain","Uncertain","Uncertain","Uncertain","Satisfied","Uncertain","Uncertain","Uncertain","1. Equipment and Instrument 
2.Regular of staff
3. Check  and balance for all faculty and staff members","1. Create opportunity to attend many conference
2. Interaction with other Universities in the country
3. Funding for small workshop, field work and other research program","Assistant Professor","16-20","sujo","3.3.2016","Geography"
"2018/02/14 11:33:23 AM GMT+5","Satisfied","Satisfied","Satisfied","Very Satisfied","Uncertain","Uncertain","Uncertain","Uncertain","Satisfied","Satisfied","Satisfied","Satisfied","Uncertain","Uncertain","Laboratry ","To take budget for  workshop and seminar at departmental level","Assistant Professor","16-20","sujo","14/02/2018","Geography"
"2018/02/14 11:58:23 AM GMT+5","Satisfied","Satisfied","Satisfied","Satisfied","Satisfied","Satisfied","Satisfied","Satisfied","Satisfied","Satisfied","Satisfied","Satisfied","Satisfied","Satisfied","a multimedia classes and full functional computer labs","","Assistant Professor","6-10","Bhatti, Arif Ali","14-02-2018","Library and Information Science and Archives Studies"
"2018/02/14 12:21:23 PM GMT+5","Very Satisfied","Very Satisfied","Very Satisfied","Very Satisfied","Very Satisfied","Very Satisfied","Uncertain","Uncertain","Very Satisfied","Very Satisfied","Very Satisfied","Very Satisfied","Satisfied","Very Satisfied","Not available ","Action Research in the field of Rural Development","Professor",">20","Dr. Shahabuddin Mughal","14-2-2018","Sindh Development Studies Centre (SDSC)"
"2018/02/14 12:48:31 PM GMT+5","Satisfied","Satisfied","Very Satisfied","Satisfied","Satisfied","Satisfied","Satisfied","Satisfied","Satisfied","Satisfied","Satisfied","Satisfied","Satisfied","Satisfied","","","Lecturer","6-10","Nazar Hussain Chandio","","Department of Arabic "
"2018/02/14 2:09:35 PM GMT+5","Satisfied","Very Satisfied","Satisfied","Very Satisfied","Uncertain","Satisfied","Satisfied","Satisfied","","Satisfied","Satisfied","Very Dissatisfied","Satisfied","Satisfied","1. Teacher student interaction
2. Apportunities to do sme research","1. Funds for research
2. Limited work load of teaching bachelor classes 
3. To fix the workload of research projects of M phil and Ph.D in regular work load of teaching faculty","Professor",">20","Naseem Aslam Channa","14.02.2018","Institute of Biochemistry"
"2018/02/14 3:00:58 PM GMT+5","Satisfied","Uncertain","Satisfied","Satisfied","Satisfied","Satisfied","Satisfied","Satisfied","Uncertain","Uncertain","Satisfied","Uncertain","Satisfied","Satisfied","Job Demand and progress reports","Discussion programs and intellectual interactions. ""Finding solution for a problem"". ","Professor","16-20","Najma Memon","14 February 2018","NCEAC"
"2018/02/14 3:05:47 PM GMT+5","Satisfied","Satisfied","Satisfied","Satisfied","Uncertain","Satisfied","Uncertain","Satisfied","Satisfied","Satisfied","Uncertain","Uncertain","Uncertain","Uncertain","Facilities","Instruments","Assistant Professor","11-15","Muhammad Qasim","14.02.2017","Chemistry"
"2018/02/14 4:31:05 PM GMT+5","Satisfied","Satisfied","Satisfied","Satisfied","Dissatisfied","Uncertain","Dissatisfied","Uncertain","","Satisfied","Uncertain","Dissatisfied","Very Dissatisfied","Dissatisfied","no program currently available for motivation or job satisfaction ","merit ","Assistant Professor","6-10","Mehwish zubair ","","economics "
"2018/02/14 4:52:00 PM GMT+5","Satisfied","Satisfied","Satisfied","Satisfied","Satisfied","Very Satisfied","Very Satisfied","Satisfied","Satisfied","Satisfied","Satisfied","Dissatisfied","Satisfied","Very Satisfied","Post Graduate Programs","Trainings","Assistant Professor","1-5","Dr Mudassar Iqbal Arain","14.02.2018","Pharmacy Practice"
"2018/02/14 5:30:02 PM GMT+5","Satisfied","Satisfied","Satisfied","Very Satisfied","Satisfied","Satisfied","Satisfied","Satisfied","Satisfied","Very Satisfied","Very Satisfied","Dissatisfied","Satisfied","Satisfied","About once a year","Teaching skill program ","Lecturer","1-5","Yasmeen Qureshi","14 feb 2018","Pharmaceutical chemistry "
"2018/02/14 5:59:43 PM GMT+5","Very Satisfied","Very Satisfied","Very Satisfied","Satisfied","Dissatisfied","Satisfied","Satisfied","Satisfied","Satisfied","Satisfied","Satisfied","Satisfied","Uncertain","Satisfied","Research","New technologies and techniques","Professor","16-20","professor Dr Naheed","13-2-18","Zoology"
"2018/02/14 7:39:43 PM GMT+5","Dissatisfied","Very Dissatisfied","Satisfied","Satisfied","Satisfied","","Very Dissatisfied","Very Dissatisfied","Uncertain","Satisfied","Uncertain","Satisfied","Uncertain","Very Dissatisfied","Nothing ","It needs huge overhaul. Will any body do it?  Nothing has been done since at least 50 years.  ","Associate Professor","11-15","Dr Ahmed Ali Hullio","14 Feb 2018","Chemistry"
"2018/02/14 8:16:53 PM GMT+5","Satisfied","Satisfied","Satisfied","Very Satisfied","Uncertain","Satisfied","Satisfied","Uncertain","Satisfied","Satisfied","Dissatisfied","Uncertain","Uncertain","Uncertain","no any such programs are planned in our departments, we just do the casual job. no motivational task are been arranged","different workshops, conferences should be arrange with the involvement of the faculty members so that the motivational factor occur among them with the positive competition","Assistant Professor","6-10","Sadia Anwar","14-02-2018","Institute of Commerce"
"2018/02/14 11:25:41 PM GMT+5","Very Satisfied","Very Satisfied","Very Satisfied","Very Satisfied","Very Satisfied","Satisfied","Satisfied","Satisfied","Satisfied","Satisfied","Very Satisfied","Satisfied","Satisfied","Satisfied","Research oriented environment is boosting our motivation   ","there should be the trend of training for newly appointed faculty members and facilitate them in their teaching profession ","Lecturer","6-10","Niaz Ahmed Bhutto ","14-2-2018","Sociology"
"2018/02/15 7:46:17 AM GMT+5","Very Satisfied","Satisfied","Satisfied","Very Satisfied","Satisfied","Satisfied","Very Satisfied","Satisfied","Very Satisfied","Satisfied","Satisfied","Satisfied","Very Satisfied","Very Satisfied","Teaching, weekly seminars and talks by scholars","Training and collaboration programs between faculty and Hec of all University of country and exchange program for student to share experiences and enhance their knowledge","Assistant Professor","11-15","Ali khan Ghumro","15 2 2018","International Relations"
"2018/02/15 8:50:10 AM GMT+5","Uncertain","Dissatisfied","Satisfied","Satisfied","Dissatisfied","Dissatisfied","Dissatisfied","Very Dissatisfied","Very Dissatisfied","Satisfied","Dissatisfied","Satisfied","Uncertain","Uncertain","My students and supporting staff at my centre are the factors that enhance my motivation and make me feel satisfied","There is dire need of merit based approach; an end to favoritism and nepotism is necessary to run an institute otherwise this place is turning to be a feudal's OTAAQ","Assistant Professor","11-15","Dr. Akhtar Hussain Markhand","15th February 2018","Centre for Pure and Applied Geology"
"2018/02/15 9:30:25 AM GMT+5","Uncertain","Satisfied","Uncertain","Satisfied","Very Dissatisfied","Dissatisfied","Uncertain","Uncertain","Satisfied","Satisfied","Very Satisfied","Satisfied","Very Dissatisfied","Very Dissatisfied","","","Associate Professor","11-15","Dr Hyder Ali Nizamani","","IMCS"
"2018/02/15 10:38:07 AM GMT+5","Very Satisfied","Satisfied","Satisfied","Satisfied","Satisfied","Satisfied","Satisfied","Satisfied","Satisfied","Satisfied","Satisfied","Satisfied","Satisfied","Satisfied","","","Associate Professor","6-10","Dr. Punhal Khan Lashari","15-02-2018","Fresh Water Biology & Fisheries"
"2018/02/15 12:50:39 PM GMT+5","Satisfied","Very Satisfied","Very Satisfied","Very Satisfied","Very Satisfied","Satisfied","Very Satisfied","Very Satisfied","Very Dissatisfied","Satisfied","Very Satisfied","Very Dissatisfied","Satisfied","Uncertain","No any programs available for the motivation","Timely promotion and funding for the research can motivate and increase the job satisfaction. ","Assistant Professor","16-20","Dr. Dil Nawaz Hakro","15 February 2018","IICT"
"2018/02/15 7:12:40 PM GMT+5","Satisfied","Satisfied","Satisfied","Satisfied","Satisfied","Satisfied","Uncertain","Satisfied","Satisfied","Satisfied","Satisfied","Satisfied","Satisfied","Satisfied","Mphil and PhD programs","Provision of space and electronic devices for teaching purposes.","Professor",">20","Dr Muhammad Khan Sangi","15.  02. 2018","IELL, University of Sindh, Jamshoro."
"2018/02/16 3:33:19 AM GMT+5","Satisfied","Satisfied","Very Satisfied","Very Satisfied","Satisfied","Satisfied","Satisfied","Dissatisfied","Uncertain","Satisfied","Satisfied","Satisfied","Satisfied","Very Satisfied","position and healthy professional competition among faculty staff, self motivation","timely promotion; research support programm","Assistant Professor","6-10","Jameel Ahmed Baig","16/2/2018","NCEAC"
"2018/02/16 9:58:47 AM GMT+5","Satisfied","Satisfied","Satisfied","Very Satisfied","Very Satisfied","Satisfied","Very Satisfied","Satisfied","Very Satisfied","Very Satisfied","Very Satisfied","Very Satisfied","Satisfied","Very Satisfied","Not especial. Only Phil/PhD  seminars Or some times guest lectures","1- Provide internal and external training opportunities. 2- to be provided best infrastructure, classrooms/offices. 3- to be established recreation clubs.  ","Lecturer","6-10","Abdul Rehman Kaloi","16/02/2018","Comparative Religion and Islamic Culture"
"2018/02/16 10:11:53 AM GMT+5","Satisfied","Satisfied","Satisfied","Very Satisfied","Satisfied","Satisfied","Satisfied","Satisfied","Satisfied","Satisfied","Satisfied","Satisfied","Satisfied","Satisfied","Ph.D and M.Phil research programs","Industry and our Department Coordination is needed","Professor",">20","Prof. Dr. Muneeruddin Soomro","16-02-2018","Institute of Commerce"
"2018/02/16 11:42:54 AM GMT+5","Satisfied","Satisfied","Satisfied","Very Satisfied","Very Satisfied","Very Satisfied","Very Satisfied","Very Satisfied","Satisfied","Very Satisfied","Very Satisfied","Very Satisfied","Very Satisfied","Very Satisfied","Satisfied with BS teaching programs","There is the need of research based programs/facilities  for quality based research .","Associate Professor","11-15","Dr. G. Zuhra Memon","16-02-2018","Dr. M. A. Kazi Institute of Chemistry, University of Sindh, JamshoroS"
"2018/02/16 5:23:06 PM GMT+5","Satisfied","Satisfied","Uncertain","Very Satisfied","Very Satisfied","Satisfied","Very Satisfied","Satisfied","Satisfied","Satisfied","Very Satisfied","Satisfied","Very Satisfied","Satisfied","Revised syllabus with new trends and Reserach Journal both are the motivating elements.","Research Environment","Lecturer","1-5","Ms. Bakhtawar Talpur","06-01-2015","Political Science"
"2018/02/16 7:00:52 PM GMT+5","Very Satisfied","Satisfied","Very Satisfied","Satisfied","Satisfied","Satisfied","Satisfied","Satisfied","Satisfied","Satisfied","Satisfied","Satisfied","Satisfied","Satisfied","Phd students are increasing. ","To start Postdoc with facilitation.","Professor","16-20","Prof Dr Saima Shaikh ","16 feb 2018","Sociology University of Sindh "
"2018/02/17 3:19:31 AM GMT+5","Satisfied","Very Satisfied","Very Satisfied","Very Satisfied","Satisfied","Satisfied","Uncertain","Uncertain","Satisfied","Satisfied","Satisfied","Satisfied","Satisfied","Satisfied","Environmental Economics, Econometrics, Mathematics and Statistics, New Institutional Economics ","New Computers, New Data Analysis softwares like Stata and NLogit ","Assistant Professor","16-20","Musharaf Ali Talpur ","16 - 02 - 2018","Abida Taherani Sindh Development Studies Centre  (ATSDSC)"
"2018/02/19 7:42:24 PM GMT+5","Satisfied","Satisfied","Very Satisfied","Satisfied","Uncertain","Satisfied","Dissatisfied","Satisfied","Satisfied","Satisfied","Dissatisfied","Satisfied","Satisfied","Very Satisfied","nothing","establish radio and become incharge of it.","Assistant Professor","6-10","Dr.Shazia shaikh","18feb2018","Media & Communnication Studies"
"2018/02/21 10:24:55 AM GMT+5","Satisfied","Uncertain","Uncertain","Very Satisfied","Satisfied","Uncertain","Uncertain","Uncertain","Satisfied","Satisfied","Satisfied","Satisfied","Satisfied","Satisfied","Mphill, PhD program is very important for my job satisfaction. ","","Lecturer","6-10","Najma Gopang ","21/02/201","Institute of Gender Studies"
"2018/02/21 1:54:59 PM GMT+5","Satisfied","Satisfied","Satisfied","Very Satisfied","Very Satisfied","Satisfied","Uncertain","Uncertain","Satisfied","Satisfied","Satisfied","Uncertain","Satisfied","Uncertain","No support is available in academic enhancement from Higher Authorities and Administration , and  due to this our best Ph.D & M.Phil Degree Programs are currently  ""HALT"" This situation creates frustration among research students and Stress on Faculty as well.   ","Administration and Quality Enhancement Cell (QEC) must take serious initiatives and sincere efforts to restart the program as soon as possible and definitely it will boost and improve faculty's motivation and job satisfaction.    ","Professor","16-20","Prof Dr Misbah Bibi Qureshi ","February 21, 2018","Institution of Gender Studies"
"2018/02/21 11:17:48 PM GMT+5","Satisfied","Satisfied","Satisfied","Very Satisfied","Satisfied","Satisfied","Satisfied","Uncertain","Satisfied","Satisfied","Very Satisfied","Satisfied","Satisfied","Satisfied","M.Phil and PhD programs ","Research Projects should be awarded to all the PhD faculty members.","Assistant Professor","6-10","Dr. Abdul Nabi Mirjat","21-02-2018","Institute of Microbiology"
"2018/02/22 12:44:15 PM GMT+5","Satisfied","Satisfied","Very Satisfied","Very Satisfied","Satisfied","Very Satisfied","Very Satisfied","Satisfied","Satisfied","Satisfied","Very Satisfied","Uncertain","Satisfied","Very Satisfied","M.Phil and P.h.D Programs","To re start the  M.phil and Ph.D program that is stopped due to some problems ","Lecturer","6-10","Sadaf Saeed","22-02-2018","Institute of Gender Studies"
"2018/02/23 10:08:22 AM GMT+5","Satisfied","Satisfied","Uncertain","Satisfied","Uncertain","Uncertain","Uncertain","Uncertain","Uncertain","Satisfied","Uncertain","Dissatisfied","Uncertain","Uncertain","Final year research thesis is good for both teachers and students.","Research funding easy availibity, Conferences/Seminar and workshop are required to remain upodated about the field.","Lecturer","11-15","Dr. Nimerta Kumari","23.02.2018","Institute of Microbiology"
"2018/02/23 10:08:51 AM GMT+5","Satisfied","","","","Satisfied","Uncertain","Dissatisfied","Satisfied","Satisfied","Satisfied","Satisfied","Very Dissatisfied","Uncertain","Dissatisfied","Multimedia only for presentaions","full furnished multimedia room for classes, seminars, training programs etc, fully equipped laboratories for research work,  ","Assistant Professor","6-10","Nazir","23-2-18","Microbiology"
"2018/02/23 12:31:12 PM GMT+5","Very Satisfied","Satisfied","Very Satisfied","Very Satisfied","Very Satisfied","Satisfied","Very Satisfied","Very Satisfied","Very Satisfied","Very Satisfied","Very Satisfied","Satisfied","Very Satisfied","Very Satisfied","We have Mphil and Phd program the faculty is good and the salary is very satisfied.","New Computers are needed and new classrooms are required","Professor","16-20","Prof.Dr.Ambreen Zeb","23-2-2018","Economics"
"2018/02/23 7:14:58 PM GMT+5","Uncertain","Satisfied","Satisfied","Satisfied","Satisfied","Dissatisfied","Uncertain","Dissatisfied","Uncertain","Satisfied","Very Satisfied","Satisfied","Satisfied","Satisfied","","","Lecturer","11-15","Muhammad Siddique","23-02-2018","Media & Communication Studies"
"2018/02/27 7:42:01 AM GMT+5","Very Satisfied","Very Satisfied","Very Satisfied","Very Satisfied","Uncertain","Uncertain","Very Dissatisfied","Uncertain","Satisfied","Satisfied","Uncertain","Satisfied","Very Dissatisfied","Uncertain","NIL","HoD must be sincere for the progress of academics in the Department / Institute / Center.","Professor",">20","Prof. Dr. Agha Asad Noor","27-02-2018","Microbiology"
"2018/02/28 8:04:52 PM GMT+5","Satisfied","Satisfied","Satisfied","Very Satisfied","Satisfied","Satisfied","Very Satisfied","Very Satisfied","Satisfied","Satisfied","Satisfied","Satisfied","Very Satisfied","Very Satisfied","all the programs are best for the job satisfaction ","i think evening program should be started at the center","Lecturer","1-5","Muhammad Ali Bhatti","28-02-2018","Centre for Environmental Sciences"